"Country Name","Country Code","Indicator Name","Indicator Code",Attribute,1991,1992,1993,1994,1995,1996,1997,1998,1999,2000,2001,2002,2003,2004,2005,2006,2007,2008,2009,2010,2011,2012,2013,2014,
"Aruba","314","Export Diversification Index","total_theil","Value","4.4732718","4.4769788","4.6630306","4.846118","4.8229055","4.8955331","4.8547192","4.7144823","4.500556","3.8450823","3.7666872","3.6080146","3.5649409","3.7889075","3.0116086","3.3193507","3.2190428","3.3304279","3.410553","2.7505927","3.508707","3.7743652","4.1411972","4.7092333",
"Afghanistan, Islamic Republic of","512","Export Diversification Index","total_theil","Value","3.8586609","3.717257","3.3458197","4.296752","3.3563507","3.0677667","2.7101743","2.9359014","3.0851958","3.3158891","2.8091793","2.8081315","3.0167868","3.0035975","2.9127665","3.0734708","2.864501","2.6944036","2.1959968","2.7662075","2.9362681","3.1442778","3.1732664","3.2871161",
"Angola","614","Export Diversification Index","total_theil","Value","6.1762652","6.0457344","6.0831833","6.0387096","6.0023694","6.0487604","5.9911456","5.8821516","5.903543","6.0963874","6.0692272","6.1136775","6.2437768","6.3306208","6.2455153","6.2953358","6.2119465","6.315526","6.2780771","6.2558527","6.2549701","6.1062145","6.1268072","6.2127671",
"Anguilla","312","Export Diversification Index","total_theil","Value","2.9554892","3.9657967","4.360878","3.2480013","3.7424304","3.2950194","2.7255371","3.1477318","3.5677853","3.1409092","2.9458156","3.0545239","3.5124221","3.2379467","3.7931964","4.12363","3.5781138","3.892729","3.1105838","3.4340537","3.6114905","3.5096822","3.6389139","4.0476198",
"Albania","914","Export Diversification Index","total_theil","Value","2.8866651","2.668124","2.8779776","3.0470052","3.055258","3.1133671","3.1347067","3.3739176","3.4376421","3.1895165","3.3105695","3.2541816","3.0183487","3.1628406","2.966985","2.9304581","2.8343005","1.9813621","1.9800624","2.9244497","2.9428811","2.9762449","3.0717702","2.9446635",
"Andorra","171","Export Diversification Index","total_theil","Value","2.8964329","2.742527","3.0523734","2.8490262","3.1188769","2.9519463","2.6988173","2.4973748","2.4380934","2.2468119","2.149226","2.4067299","2.5122559","2.44396","2.8208432","2.7536426","2.4817438","2.1877813","2.0110826","2.012666","2.7168295","2.3996823","2.9716558","2.9015028",
"Netherlands Antilles","353","Export Diversification Index","total_theil","Value","4.2840438","4.2836146","4.0082059","4.0130806","3.7592649","3.8927238","3.68572","3.4738522","3.6683691","3.321239","3.6696362","3.4053073","3.0066016","3.1297958","3.3407307","2.9360816","2.6979074","2.7979548","4.0656471","2.8629503","0","0","0","0",
"Vietnam","582","Export Diversification Index","total_theil","Value","3.3211513","3.3476412","3.2666719","3.182456","3.1447542","3.0600979","3.0410647","3.0256248","3.06656","3.1374857","3.0530851","2.9799531","3.0044546","2.9597542","2.9669538","2.8303866","2.7096896","2.661447","2.5503156","2.4414215","2.4290113","2.6099918","2.7515202","2.6412842",
"Vanuatu","846","Export Diversification Index","total_theil","Value","4.1658316","3.9276071","4.0663342","3.5151553","3.57584","3.5319266","4.4442244","4.5851493","4.0638247","4.0691071","4.2673264","3.6124139","3.9303944","4.2918296","4.4743023","4.7413983","4.8265448","4.7989507","4.8325667","4.8218818","4.5227485","4.6267371","4.3262968","4.4118686",
"Samoa","862","Export Diversification Index","total_theil","Value","3.5346262","4.9783635","5.2827654","5.5430446","5.2722497","4.5907311","4.5116286","4.5073442","4.6880755","4.7707982","4.8789763","4.2302723","3.3472643","3.0071893","3.5097518","4.4160538","4.7266889","4.344172","3.2467577","3.3475842","3.4490507","3.1445098","3.1766195","2.797497",
"Yemen, Republic of","474","Export Diversification Index","total_theil","Value","5.4337101","5.1217752","4.7270498","5.6531353","5.5210052","5.5167694","5.6495557","5.3386903","5.7060018","5.8309388","5.6450434","5.688261","5.6299601","5.7427869","5.8057127","5.8579965","5.8148084","5.9010038","5.5376306","5.12321","5.0539532","5.0537887","5.0212226","5.1391091",
"South Africa","199","Export Diversification Index","total_theil","Value","2.2209799","2.0112076","1.9026785","1.8302956","1.8226148","1.7842814","1.8111116","1.7984768","1.7972692","1.8778107","1.9386035","1.8107303","1.8343351","1.9029166","1.993754","2.0834522","2.1513023","2.2670596","2.1276183","2.3011973","2.4969337","2.7220888","2.6437626","2.5942292",
"Guyana","336","Export Diversification Index","total_theil","Value","4.3575668","4.4299827","4.3143296","3.9963789","4.0411997","4.1328664","3.9174216","3.9373093","3.9351299","3.8229611","3.8384812","3.6114674","3.7665067","3.843714","3.724175","3.7138817","3.8446043","3.9213815","3.8391428","3.8224907","3.9032049","3.8139153","3.7618947","3.9228971",
"Cabo Verde","624","Export Diversification Index","total_theil","Value","4.3414698","3.9730756","4.1617613","3.4373162","4.1899695","4.3323011","3.1606956","3.4184961","3.9190922","3.2752535","3.5675881","3.9708054","3.6475976","3.6583683","4.1461134","3.7742827","3.6270216","4.2700348","4.0255342","4.1904216","4.4960337","4.4373112","4.4171181","4.4810691",
"Rwanda","714","Export Diversification Index","total_theil","Value","5.1342783","4.6552849","4.7808223","4.9197869","4.8924923","5.2073402","4.4541683","4.7391329","4.6896763","4.4905415","4.6166339","3.9762411","4.6739836","5.2997155","4.1791072","4.384182","4.0390329","4.1701398","3.932301","4.2161398","4.1166782","3.7141092","3.75734","3.7658594",
"Kyrgyz Republic","917","Export Diversification Index","total_theil","Value","0","3.3992887","3.133801","3.0442975","2.4342697","2.4224639","2.4723682","2.6476126","3.0364192","3.0626516","2.9202485","2.726871","2.5836792","2.6565592","2.59622","2.4672897","2.4768441","2.8038528","2.9164622","3.5435357","2.6808372","2.6413157","2.6554704","2.9110422",
"Cambodia","522","Export Diversification Index","total_theil","Value","4.3660278","4.7307649","4.480855","4.562479","4.3424482","3.7739828","4.0838447","4.5226059","4.7406425","4.6772122","4.7329693","4.7798548","4.8323293","4.7708054","4.7989826","4.8542881","4.8506804","4.8389206","4.6907434","4.6115174","4.6271529","4.430954","4.3600378","4.3575821",
"Kiribati","826","Export Diversification Index","total_theil","Value","5.0308909","3.4983227","4.9419088","5.2026129","4.9685516","4.4173083","6.0787139","5.5917025","4.0864401","5.3812289","5.6529913","5.6248417","5.5880723","4.5626945","4.23839","4.4846683","4.2518711","5.1447659","5.2428751","5.0647855","5.5154343","5.6182623","6.0274363","6.0372868",
"Turkey","186","Export Diversification Index","total_theil","Value","2.0939312","2.1679068","2.1589127","2.071785","2.0600426","2.0215974","2.0000465","2.0513895","2.0371094","2.0747347","2.0305004","2.0849981","2.0690398","2.0381906","1.9875175","1.9494823","1.8995982","1.8609407","1.7687877","1.8542536","1.8054969","1.7915237","1.7589029","1.8115044",
"Tanzania","738","Export Diversification Index","total_theil","Value","3.0173819","3.3531249","3.1829302","3.1663861","3.3115246","3.2855237","3.2397766","3.1479962","3.0921965","3.1368632","3.0889537","2.9851818","2.753124","2.6428452","2.669719","2.6078463","2.5434144","2.3399963","2.54966","2.662092","2.5840061","2.4361875","2.6489761","2.5984907",
"Uganda","746","Export Diversification Index","total_theil","Value","5.2713785","4.7961798","4.3991585","5.2423272","5.0980721","4.8171263","4.8332052","4.6607528","4.736062","3.944129","3.5211892","3.4417615","3.1656964","3.0588059","3.1025393","3.0082707","2.5183709","2.7323289","2.6409137","2.7899141","2.8204374","2.6217604","2.5478079","2.5593486",
"Ukraine","926","Export Diversification Index","total_theil","Value","0","2.5364747","2.5159531","2.4065149","2.3009622","1.5997839","1.7051203","1.7557073","1.8220336","1.8685913","1.7995807","1.8625106","1.7982746","1.9194983","1.8941443","1.914801","1.8489845","2.0103354","1.8834453","1.986325","2.0458703","2.0351582","2.0246134","2.0609472",
"Uruguay","298","Export Diversification Index","total_theil","Value","2.3579483","2.1772873","2.2089384","2.2624762","2.0612414","2.1831164","2.2084074","2.1454144","2.1734574","2.3045077","2.2408342","2.3640873","2.4185331","2.3796804","2.2341695","2.4377899","2.2559969","2.4146264","2.4812155","2.712291","2.6604424","2.7810652","2.8718288","2.8936486",
"Ghana","652","Export Diversification Index","total_theil","Value","4.1516719","4.071136","4.0525703","3.9557822","3.8839588","3.920331","3.8615451","3.7818303","3.6828837","3.6546772","3.638092","3.7087111","3.7960448","3.912828","3.778754","3.7435384","3.8937192","4.0310683","4.0844803","4.2867322","4.0510907","4.0996599","4.0439219","4.1828656",
"Germany","134","Export Diversification Index","total_theil","Value","1.3857431","1.4437833","1.4210731","1.4190452","1.4341896","1.4793488","1.4911363","1.5461304","1.5967028","1.616564","1.6401323","1.6734575","1.6863261","1.6786172","1.6690236","1.6573217","1.6625469","1.6224655","1.6064748","1.6992611","1.7016743","1.7149619","1.7147706","1.7395089",
"Djibouti","611","Export Diversification Index","total_theil","Value","2.0522182","2.2751853","2.0153475","2.2282789","1.9610753","2.3762748","2.505481","2.3113408","2.1080158","2.1614594","1.7949649","2.0731623","2.6919949","2.3854544","2.2962916","2.6417322","4.6870155","4.0963116","3.6765311","3.8995657","3.5968573","3.2222455","3.5916781","3.7731085",
"Lesotho","666","Export Diversification Index","total_theil","Value","0","0","0","0","0","0","0","0","0","5.2052422","5.4249058","5.5688972","5.6266155","5.462111","5.2707396","5.1635933","5.1007032","5.1928258","5.1534224","4.5935731","4.7433529","4.6444287","4.6501536","4.8402486",
"Lithuania","946","Export Diversification Index","total_theil","Value","0","2.57778","2.882983","1.8912652","1.757969","1.9543415","1.8842726","1.9860771","2.0714512","2.0772638","2.1086044","2.0325959","2.0062339","1.9280903","1.8365198","1.7506294","1.7247878","1.7891923","1.8149724","2.5834525","2.7504103","2.690146","2.6555171","2.2012141",
"Luxembourg","137","Export Diversification Index","total_theil","Value","0","0","0","0","0","0","0","0","2.0269542","2.0750592","2.0554285","2.1105881","2.2249179","2.215533","2.2317343","2.4038568","2.328002","2.358532","2.1471992","2.0927997","2.1406925","2.1343417","2.1287463","2.0638459",
"Tuvalu","869","Export Diversification Index","total_theil","Value","5.0132504","3.9075689","2.9901743","4.2176762","3.8352814","3.7757726","3.7845459","3.445116","3.2673895","2.5044322","2.8623009","2.6551359","3.1626267","3.7046309","2.6266842","3.509722","2.7872398","2.3091052","4.1244364","4.9938722","5.1117063","4.8602858","5.5280862","4.4405804",
"Armenia, Republic of","911","Export Diversification Index","total_theil","Value","0","3.7063415","4.530025","5.4170184","4.4780779","3.4723241","3.0107863","3.1507018","3.6026123","3.307951","3.042546","3.6763594","3.9217231","3.5628633","3.9226487","3.4526899","2.9668126","3.1714833","3.2241375","3.3659539","3.1776254","2.9204931","3.2387195","3.4184322",
"Niger","692","Export Diversification Index","total_theil","Value","5.2862573","5.9492183","5.6003933","5.1896782","4.0050864","4.525444","5.1098571","5.1854858","5.1045575","5.0449238","3.8684266","3.5750082","4.3842173","3.8061483","4.1317563","4.9016104","5.3411927","3.5050168","5.6452541","5.5666695","5.8358822","5.152493","5.0400901","5.2105722",
"Nigeria","694","Export Diversification Index","total_theil","Value","6.0034904","6.0770354","5.9849162","5.8999729","5.7240448","5.9368529","5.9416251","5.7868514","5.8333006","6.0378981","5.8821096","5.7646546","5.8415294","5.9638844","6.0052109","5.9934726","5.937099","5.8503361","5.8348775","5.5376334","5.5681806","5.6205397","5.7755241","5.6204624",
"Nicaragua","278","Export Diversification Index","total_theil","Value","3.461118","2.9507732","3.2544937","3.2136195","3.3085065","3.1653187","3.0468149","3.3695641","3.3553333","3.2979612","3.1259758","3.2411005","3.2414901","3.2241595","3.2866867","3.3396409","3.2297907","3.1630392","3.2132618","3.3105407","3.2104695","3.1654191","3.3305507","3.3698566",
"Netherlands","138","Export Diversification Index","total_theil","Value","1.1731361","1.1531451","1.2099583","1.178799","1.2196505","1.2785391","1.3157593","1.341985","1.3692273","1.5471332","1.4229224","1.3831896","1.4406989","1.4553338","1.4434353","1.4455781","1.4399661","1.4644482","1.4422227","2.1010602","1.9062451","2.2436399","2.0067468","1.9512398",
"Gibraltar","823","Export Diversification Index","total_theil","Value","3.2366836","2.869307","3.2384229","3.2788422","3.6631041","3.7666893","3.6214323","3.5624163","3.6701028","3.3471403","4.4095626","3.7717547","4.4114094","4.2208257","4.8288822","4.176784","4.0032806","3.6672206","3.8917673","4.5234342","4.9322367","5.2987924","4.9805884","5.8963394",
"Guinea","656","Export Diversification Index","total_theil","Value","5.3288336","5.2277193","5.067235","5.0042739","4.7864785","4.9030709","4.6890926","4.6785712","4.6336207","4.7337632","4.7111144","4.5055914","4.3145199","4.4211407","4.4779277","4.1924267","4.4036484","4.4318848","4.7735357","4.315258","3.5086763","4.6605201","4.5983381","4.8622084",
"Gambia, The","648","Export Diversification Index","total_theil","Value","4.8349018","5.0241957","4.3397036","4.3456392","4.81671","5.0329385","5.1436791","4.7561836","4.5656271","3.466388","3.0273275","3.2283299","3.136291","3.0013285","3.1565928","3.5133686","3.3506746","3.8735921","3.4675362","3.342447","3.2880921","3.7766175","4.0766006","3.98785",
"Guinea-Bissau","654","Export Diversification Index","total_theil","Value","4.7138987","4.1237574","4.5865655","4.6926718","4.5322537","4.633801","4.8234372","3.3737538","4.9112315","5.286418","5.4905257","4.8249159","4.7080626","5.2562814","5.8397794","5.4609671","5.6180282","5.9465384","5.8187919","4.7607393","5.0540633","5.454021","5.0232463","5.2417808",
"Egypt","469","Export Diversification Index","total_theil","Value","3.5105331","3.5975897","3.4779367","3.2801943","3.1921933","3.4618268","3.1025493","2.8075516","2.9603295","2.7379496","2.3301115","2.2929869","2.1263535","2.164602","2.2187514","2.6234777","2.4847388","2.6123459","2.4397876","2.5974092","2.7507529","2.7404935","2.6259966","2.6472118",
"Eritrea","643","Export Diversification Index","total_theil","Value","0","0","5.1632767","4.1090097","3.7282331","3.4423511","3.2711415","3.0415728","3.0724573","2.9874153","3.1861708","3.0569222","2.8972943","2.8350923","3.4291234","2.7230177","4.7219434","3.1122298","3.0910153","3.1360495","2.9280221","3.7266111","3.4381683","6.1402211",
"Australia","193","Export Diversification Index","total_theil","Value","2.2135625","2.1845","2.1238463","2.0205376","1.9969993","1.9221693","1.9785953","1.989482","1.9164596","2.0364826","2.0640872","2.066927","2.0695632","2.1687193","2.4018519","2.4248543","2.4538138","2.8458574","2.8565447","3.0508299","3.141454","3.1220667","3.1816525","3.1857936",
"Austria","122","Export Diversification Index","total_theil","Value","1.3778471","1.3691512","1.3633213","1.3878299","1.4250395","1.4453521","1.4597783","1.4426628","1.4988475","1.5776868","1.5144616","1.5271957","1.5819448","1.5692166","1.4897329","1.5486658","1.5993285","1.5148768","1.5641875","1.6430012","1.6065305","1.5947686","1.5788687","1.6036071",
"Azerbaijan, Republic of","912","Export Diversification Index","total_theil","Value","0","4.3639126","4.0152655","3.7764161","3.5422301","2.226922","2.5456109","2.4222925","3.9255471","4.4568963","5.115314","5.2967405","5.0708942","4.7883792","4.9778614","5.6122217","5.6780424","5.8373384","5.8379779","5.9008827","6.0555224","5.9602041","5.9521561","6.0129099",
"Mauritania","682","Export Diversification Index","total_theil","Value","4.9592466","4.9008245","4.8677526","4.7233992","4.6743026","4.6514606","4.7462974","4.7740211","4.7148948","4.7650242","4.7005816","4.6650834","4.5752606","4.6527085","4.797677","4.7557859","4.5801935","4.757246","4.6399879","5.0152335","4.9947395","4.6725569","4.6729269","4.5095911",
"Czech Republic","935","Export Diversification Index","total_theil","Value","0","0","1.1421528","1.1685581","1.1735427","1.2252898","1.2922679","1.410813","1.4852145","1.5650958","1.5964209","1.6560665","1.6492921","1.6812001","1.7444839","1.7900903","1.8357699","1.8200194","1.8920505","2.0419803","1.9464784","1.9293687","1.9419489","1.9983959",
"Ethiopia","644","Export Diversification Index","total_theil","Value","0","0","4.2738662","4.7200079","4.5364676","4.5695262","4.6614194","4.7812896","4.4561224","4.2982001","3.885602","3.88182","3.9633222","3.9909868","4.0975089","3.8787222","3.8865349","3.8414664","3.8743169","4.1897407","4.203373","4.0729551","3.8159304","3.9458263",
"Romania","968","Export Diversification Index","total_theil","Value","2.1355593","2.1005168","2.1348436","2.1787221","2.1830549","2.2278368","2.2060795","2.3531842","2.3875778","2.3518126","2.4103801","2.4568951","2.3874123","2.2439179","2.1594465","2.0722055","2.0154872","1.9290415","2.0325429","2.0917699","2.0449767","2.0040915","2.0749876","2.0837703",
"Russian Federation","922","Export Diversification Index","total_theil","Value","0","2.7676542","2.6103466","2.6144962","2.4470441","2.5857811","2.6235933","2.4438558","2.6465437","2.8429604","2.7938089","2.9011521","2.9307554","3.0144868","3.252306","3.2912364","3.2285061","3.345752","3.3665335","3.8997393","3.9144485","3.9298675","3.924855","3.809397",
"Philippines","566","Export Diversification Index","total_theil","Value","2.4720449","2.5089509","2.5551658","2.6365659","2.7452867","2.9663582","3.2475364","3.401711","3.5208733","3.7057855","3.6307137","3.7035792","3.7014396","3.6961572","3.695693","3.6434469","3.6932776","3.4489253","3.2733154","3.4282854","3.147774","3.0965574","3.0599594","3.0818143",
"Papua New Guinea","853","Export Diversification Index","total_theil","Value","3.9569244","3.8528519","4.2823038","4.2113528","4.022573","4.095068","4.0142097","3.5539732","3.869911","3.9392183","3.7389066","3.6194761","3.6271503","3.5585954","3.8208179","4.008831","3.9147427","3.8234911","3.742089","3.7590952","3.6743271","3.6982057","3.6559002","3.8300724",
"Poland","964","Export Diversification Index","total_theil","Value","1.745782","1.6442794","1.7689703","1.7387855","1.6815292","1.6517915","1.5969528","1.6067291","1.6274902","1.6578443","1.6816537","1.6805208","1.6893657","1.7400541","1.6407217","1.6534371","1.6942564","1.6735106","1.7185929","1.7320163","1.6629971","1.6191711","1.6259567","1.6525975",
"United States","111","Export Diversification Index","total_theil","Value","1.4440589","1.427846","1.4404675","1.4774075","1.4741142","1.4987631","1.5167594","1.536352","1.594187","1.6442676","1.6035872","1.6111165","1.5744125","1.5695589","1.5421573","1.5514565","1.5068161","1.4950342","1.5257163","1.6438645","1.6589216","1.7025186","1.7172002","1.7226782",
"Uzbekistan","927","Export Diversification Index","total_theil","Value","0","5.4920621","5.4729667","5.5425415","4.8760438","4.0988402","4.042623","3.9092469","4.0066991","3.5281773","3.6172583","3.4768205","3.5168054","3.4435148","3.4562981","3.5100839","3.3869045","3.5842443","3.5951161","3.1042278","3.1151268","3.0442367","3.2265413","3.202745",
"St. Vincent and the Grenadines","364","Export Diversification Index","total_theil","Value","4.2538924","4.2842965","3.8976252","3.8472955","3.7909725","3.6003091","3.5050397","3.2981637","3.9534349","3.2863908","4.1986938","4.1228247","4.1519246","5.1747122","4.7841349","4.9495387","4.816453","5.1319609","4.1629648","4.7363038","3.5028198","3.2167003","3.9094477","4.3835168",
"Bahrain, Kingdom of","419","Export Diversification Index","total_theil","Value","3.4315455","2.9776411","3.1205721","3.1189473","3.2889512","3.0923419","3.2290051","3.116205","3.0122654","3.0279858","3.0155284","3.2246983","3.3423433","3.3865113","3.2664552","3.5403142","3.3112376","3.0471177","2.9851918","4.4009266","4.5258851","4.030642","2.8518066","2.8410444",
"Bahamas, The","313","Export Diversification Index","total_theil","Value","3.949229","3.9051363","3.8650739","3.3719482","3.5315132","3.4934022","3.7703063","3.0800216","3.5266678","3.6610332","3.8147748","3.9401331","3.6775708","4.2027183","4.6420646","4.5216141","4.1569724","3.8272653","3.7288623","4.5668116","4.1321821","3.9621828","4.3338213","4.1440635",
"Bosnia and Herzegovina","963","Export Diversification Index","total_theil","Value","0","2.230911","2.2272344","2.5763788","2.6698902","2.1473024","2.5234513","2.6460021","2.5073164","2.6777568","2.6356804","2.5814509","2.5393095","2.3982377","2.3101299","2.3040645","2.1831908","2.0618246","1.9752105","2.1586726","2.1462922","2.100769","2.1371939","2.142334",
"Belarus","913","Export Diversification Index","total_theil","Value","0","2.4876657","2.3545451","2.2638602","2.2310424","4.1135035","4.1155453","4.6127","4.3541646","4.3865957","4.460413","4.3431692","4.2593269","4.2949729","3.9099581","2.3349452","3.9701009","4.0288749","2.4796271","4.3125768","4.5108581","3.0174379","2.5976846","2.6670167",
"Belgium-Luxembourg","126","Export Diversification Index","total_theil","Value","1.4505612","1.4473618","1.5623184","1.5522639","1.5268947","1.5489234","1.5570331","1.5154995","0","0","0","0","0","0","0","0","0","0","0","0","0","0","0","0",
"Belize","339","Export Diversification Index","total_theil","Value","3.9275014","3.7817683","3.5228972","3.9107492","3.9554846","3.8357992","3.9963241","3.7543938","3.5667264","3.7816017","3.4930356","3.4924695","3.6508224","3.5714943","3.5772529","3.4704041","3.4552021","2.2743156","2.5383465","3.9548769","3.1165669","3.6972356","3.6138473","3.5481238",
"Montserrat","351","Export Diversification Index","total_theil","Value","3.6028476","3.6547763","3.7061415","4.6676216","4.6087384","5.1568522","4.770669","3.5875423","3.035398","3.2128496","3.5419958","3.2241194","3.7196448","3.2794945","3.6864576","2.9718726","3.1570318","3.7777538","3.6797655","3.504575","3.2771876","3.4912655","3.5069706","3.7089961",
"Mauritius","684","Export Diversification Index","total_theil","Value","3.8420396","3.9031515","3.8985729","3.8876801","3.7720578","3.8094687","3.877212","3.8922362","3.9565475","3.8644409","3.7393172","3.7033036","3.6570594","3.418154","3.165741","3.2266746","3.2269888","3.1157901","3.0547805","3.3603075","3.4036384","3.4288709","3.4645331","3.370065",
"Saudi Arabia","456","Export Diversification Index","total_theil","Value","5.4449115","5.4902205","5.2956214","5.0141168","4.9127502","4.916409","5.0166125","4.498539","4.8236361","5.2095785","5.1538606","5.2416463","5.1553702","5.319509","5.3406916","5.3820348","5.2717137","5.4510617","5.472909","5.1218405","5.2039976","5.3214097","5.2703838","5.3057327",
"Sudan","732","Export Diversification Index","total_theil","Value","4.1105342","3.4872828","3.5762875","3.8243668","3.581347","3.534936","3.4464633","3.3893991","3.2420738","4.9750175","5.1670508","5.0693111","5.2185235","5.414896","5.6979556","5.7593732","5.919776","5.991323","5.9731431","5.7956986","5.8101401","0","0","0",
"Israel","436","Export Diversification Index","total_theil","Value","2.6442988","2.6213739","2.7093582","2.697618","2.6650822","2.7053397","2.7442327","2.7143395","2.8445573","2.8008306","2.7277236","2.8238196","2.7745497","2.7647815","2.8129947","2.7827787","2.7854519","2.693682","2.5904455","2.6468508","2.7402856","2.7044771","2.7179749","2.6519833",
"Italy","136","Export Diversification Index","total_theil","Value","1.4270144","1.4103585","1.3844038","1.4073793","1.410753","1.4305559","1.4197179","1.4248285","1.4492794","1.4727912","1.4500339","1.4424548","1.4540201","1.4447824","1.4226735","1.4249902","1.4467578","1.440475","1.4721498","1.582546","1.5642862","1.5937809","1.5848124","1.5763007",
"Jamaica","343","Export Diversification Index","total_theil","Value","3.9659052","3.8082609","3.9051437","4.0376921","4.0466933","3.9659147","4.0729332","4.1327977","4.0460677","4.0345588","4.1975641","4.1327972","4.1343365","4.4134903","4.5124888","4.5274696","4.4265871","4.5284257","3.7702844","3.7582901","4.0918083","4.0121365","4.1942434","4.241694",
"Jordan","439","Export Diversification Index","total_theil","Value","2.9529088","2.8325572","2.6818442","2.7316709","2.8410628","2.8687532","2.5491564","2.7191036","2.6255553","2.3313529","2.412303","2.7728539","2.4419801","2.5811739","2.5159688","2.6234312","2.6294925","2.5224965","2.402698","2.2860227","2.321408","2.2981887","2.199918","2.3540843",
"Japan","158","Export Diversification Index","total_theil","Value","2.1538031","2.1598496","2.1613021","2.165977","2.1602831","2.1376483","2.1651316","2.191148","2.2213211","2.2450314","2.1915174","2.2390113","2.2362063","2.2059617","2.1908333","2.2017109","2.1995313","2.1759167","2.056644","2.1446154","2.1011004","2.1131971","2.1305478","2.1185722",
"Kazakhstan","916","Export Diversification Index","total_theil","Value","0","3.4733706","2.9259021","3.0797715","2.5361664","2.6389339","2.9332192","3.0515809","3.727442","4.1175752","3.9384956","4.195272","4.0712948","3.942884","4.2088237","4.2193437","4.0914898","4.1521063","4.2253652","4.8334379","4.9987969","4.6011777","4.8800812","4.701282",
"Croatia","960","Export Diversification Index","total_theil","Value","0","1.8490888","1.9728875","2.0605595","1.9489285","1.9157577","1.8794605","1.9533691","1.9196794","2.0012765","1.9168106","1.8432027","1.8420458","1.9620467","1.7860776","1.7498362","1.658186","1.6429061","1.7380068","1.9018968","1.9896849","1.9621999","1.9141409","1.8941067",
"Haiti","263","Export Diversification Index","total_theil","Value","3.3520505","3.5156677","3.5536649","3.4128098","3.6295817","3.8928862","4.1303587","4.3858337","4.7097797","4.8201623","4.7243009","4.7690244","5.0125375","4.996377","5.1917272","5.2156711","5.0934653","4.9112334","5.2370157","5.0339046","5.1061249","5.0683951","5.1017766","5.1245108",
"Hungary","944","Export Diversification Index","total_theil","Value","1.5194414","1.4938504","1.541002","1.5818738","1.6566875","1.6655754","1.8730311","2.0690699","2.2235174","2.257278","2.2056017","2.1551058","2.2043638","2.4126804","2.4187033","2.3253958","2.3157344","2.2724144","2.3212018","2.4826124","2.3318436","2.2261095","2.097055","2.181952",
"Indonesia","536","Export Diversification Index","total_theil","Value","3.0133629","2.8270264","2.6867487","2.5332773","2.3911664","2.3532939","2.296592","2.0039136","2.0504549","2.1483305","2.101846","2.1059122","2.0539455","2.1013608","2.1501405","2.1403127","2.1029499","2.2441132","2.2367613","2.2713535","2.3544011","2.3456161","2.2937205","2.2081659",
"Sierra Leone","724","Export Diversification Index","total_theil","Value","4.5296187","4.511096","4.1855822","4.044311","4.2963724","4.084075","4.4430814","4.2054701","3.4905849","3.553462","2.9108019","2.9162719","3.3348832","3.6187663","3.887574","3.3844287","3.26109","3.1074259","2.7095053","3.6449623","3.5882046","4.1921897","4.912333","4.9625444",
"El Salvador","253","Export Diversification Index","total_theil","Value","3.0454679","2.7804704","2.917999","3.1803937","3.3168044","3.2955718","3.4312711","3.2739384","3.4595428","3.5175178","3.5864146","3.5903883","3.5963786","3.513994","3.4669051","3.2956166","3.070431","2.9939911","3.0542431","3.1288116","3.0419044","3.0141289","2.9952841","3.0770597",
"Somalia","726","Export Diversification Index","total_theil","Value","4.5636845","4.751317","5.0581999","4.109004","4.6970024","4.313364","3.9591701","4.1509118","4.4707665","4.370512","3.3737404","2.9141693","3.0896201","3.8296225","4.073153","3.8197422","3.1390419","3.6381159","4.574687","4.8368516","4.6998286","4.6878638","4.6990891","4.7747793",
"Antigua and Barbuda","311","Export Diversification Index","total_theil","Value","3.3140132","2.9643366","3.6502876","3.8127329","3.7234151","4.2548823","4.3633614","3.2096756","3.6248412","4.7344937","5.6229482","5.4623437","5.469388","5.1587348","5.7175007","5.8624544","4.8321915","3.6922927","2.442261","2.4149113","4.9620872","2.600436","5.4259562","5.5211496",
"Bulgaria","918","Export Diversification Index","total_theil","Value","1.8915012","1.7028962","1.7676241","1.7815051","1.8465101","1.7029175","1.7928942","1.8839054","1.9094149","2.0540648","2.0697336","1.9715232","1.9831473","1.9403439","1.8984636","1.9813149","1.8439385","1.8475097","1.8782036","2.2029235","2.197814","2.2541692","2.2347832","2.1005907",
"Congo, Democratic Republic of","636","Export Diversification Index","total_theil","Value","4.4618158","4.2992334","4.4081669","4.616919","4.6820002","4.6035023","4.7529149","4.9541655","5.2392597","4.9410863","4.8919759","5.2802253","4.7096367","4.4959178","4.3224211","4.1485267","4.1005955","4.246346","4.1918883","4.2334752","4.2925024","4.4817872","4.5130706","4.6362953",
"Singapore","576","Export Diversification Index","total_theil","Value","2.4998217","2.5084178","2.5765464","2.6767514","2.7553294","2.8702912","2.9176595","2.92996","2.9475574","3.0311913","2.8844485","2.8907874","2.9485791","2.9568529","2.896029","2.8814757","2.7941504","2.6191807","2.6986611","3.2300379","3.326432","3.2917335","3.2982841","3.1689844",
"Solomon Islands","813","Export Diversification Index","total_theil","Value","4.0834622","4.2339044","4.6448689","4.8136806","4.6699924","4.6816869","4.5748434","4.2535033","4.489141","4.4895549","4.3651581","4.7742214","4.7375326","4.7684898","4.9614792","5.1388955","4.9765511","4.7725329","4.9324512","4.877965","4.801187","4.7924075","4.9184079","4.8652725",
"Gabon","646","Export Diversification Index","total_theil","Value","5.6084356","5.5174007","5.6049261","5.5085163","5.4717264","5.542943","5.5739579","5.3480902","5.2991104","5.6220746","5.5190058","5.4615841","5.5174904","5.3808808","5.4671597","5.3593917","5.3828354","5.3308005","5.1390424","5.319891","5.2513413","5.4532971","5.3597317","5.6162829",
"United Kingdom","112","Export Diversification Index","total_theil","Value","1.4221627","1.4342234","1.5159534","1.4887305","1.5048964","1.5530969","1.5619128","1.5785884","1.6784825","1.7874968","1.7532903","1.7537564","1.7454264","1.7421008","1.7467004","1.7477307","1.7487919","1.7653791","1.7656996","1.913458","1.8923309","1.9411215","1.947046","1.9451464",
"Chad","628","Export Diversification Index","total_theil","Value","5.7309051","5.642364","5.2651424","5.1692009","5.2994671","5.2975297","5.3822956","5.3560314","5.3087883","5.132987","5.1496334","5.0315142","4.8790855","5.7085848","5.7710214","5.9018393","5.9720592","6.0384951","5.929832","5.5973496","6.0203123","5.9425273","5.924202","5.9969826",
"Togo","742","Export Diversification Index","total_theil","Value","4.1886439","4.3670702","4.3737893","4.0935707","3.7938721","4.1159053","3.9460464","4.018496","3.6708865","3.4856517","2.9598811","2.8031218","3.0275671","2.9212174","2.7458076","2.9569554","3.2432637","3.8635843","3.6594353","3.6770899","3.7128119","2.9008181","2.7291329","2.551681",
"Zambia","754","Export Diversification Index","total_theil","Value","5.4787331","5.305131","5.1580787","5.0149331","5.0516129","4.697782","4.4423842","3.7566576","3.7771101","3.7707734","3.9780035","3.8500693","3.7916617","4.0283914","4.2403541","4.6445856","4.4718418","4.4480047","4.4516735","4.7782426","4.6710238","4.6568794","4.6065106","4.6103148",
"Zimbabwe","698","Export Diversification Index","total_theil","Value","3.0451763","2.9453094","2.6948025","2.7864213","2.7353351","2.893275","3.1375682","3.0797524","3.1034362","2.988867","3.1021576","3.0530627","2.9556155","2.9635406","2.8776822","3.1879764","3.2569568","3.2691777","3.0502491","3.2749047","3.4908826","3.6887712","3.7569959","3.8828883",
"Latvia","941","Export Diversification Index","total_theil","Value","0","3.0266271","3.0095062","2.4048741","2.2528021","2.4504869","2.3092637","2.1791897","2.3236871","2.3719869","2.3385522","2.2301612","2.2352979","2.0228806","1.846091","1.729","1.7027893","1.6423223","1.6666372","1.7570509","1.7868167","1.8535647","1.8431913","1.8646137",
"China, P.R.: Macao","546","Export Diversification Index","total_theil","Value","3.7923899","3.9068451","3.8511822","3.9726934","4.0305233","4.2128386","4.3716936","4.3296723","4.4264169","4.5536842","4.5996981","4.6433277","4.7362733","4.7410812","4.62714","4.5520997","4.412466","3.9992576","2.8451231","3.3674722","3.2778006","3.2538245","2.8880646","3.09884",
"Cote d'Ivoire","662","Export Diversification Index","total_theil","Value","3.701442","3.7275603","3.7473531","3.8321049","3.451231","3.5634623","3.4846966","3.7395904","3.6982179","3.5102649","3.5326986","3.6465065","3.9214928","3.7014813","3.7349946","3.7455785","3.7557502","3.7584856","3.8501003","3.8942137","4.0313287","3.8482416","3.8592978","4.1336646",
"Finland","172","Export Diversification Index","total_theil","Value","2.0730386","2.063477","2.0118032","1.9978034","2.1110682","2.0772703","2.0710876","2.2650971","2.3596621","2.5145817","2.5030227","2.4390588","2.3075862","2.2630997","2.4353132","2.3510995","2.1144979","2.0920322","2.0293934","2.2117059","2.1542463","2.1600897","2.203125","2.1748638",
"Fiji","819","Export Diversification Index","total_theil","Value","3.3941407","3.3627162","3.4732025","3.4315691","3.6541524","3.5385985","3.5164802","3.4028063","3.543211","3.4482341","3.3619103","3.2680957","3.2413638","3.2255526","3.0511208","3.0362694","2.8992276","2.9290361","2.9178047","3.4551558","3.5097737","3.5469337","3.4598832","3.3849771",
"France","132","Export Diversification Index","total_theil","Value","1.3452085","1.3508465","1.365817","1.3361917","1.3425709","1.3767924","1.4237868","1.4708706","1.5173841","1.5817022","1.5806422","1.5686952","1.5972608","1.60226","1.5692115","1.578844","1.5673589","1.5499884","1.5984428","1.672677","1.6404891","1.6758394","1.6737633","1.6947205",
"Faroe Islands","816","Export Diversification Index","total_theil","Value","5.2107496","5.1323166","5.197176","5.0760093","5.0002718","5.0074158","5.1504736","5.0908017","5.0712347","4.9952459","4.9301229","4.8244119","4.800333","4.8766823","5.0359774","4.6770349","4.7422767","4.6962223","5.2433519","5.3793192","5.5788684","5.585289","5.5260615","5.5635133",
"Colombia","233","Export Diversification Index","total_theil","Value","3.2561927","3.1216612","3.1076643","3.131197","3.1268251","3.0747859","3.1108325","3.0386012","3.1264133","3.0527713","2.7943144","2.7923875","2.7579746","2.7415314","2.7715223","2.7627704","2.8234811","2.9462788","2.9533794","3.43625","3.6708233","3.7812002","3.8821647","3.9547873",
"Comoros","632","Export Diversification Index","total_theil","Value","4.9029193","5.0104103","5.1141987","4.5127034","4.4815478","4.240634","4.1137381","4.2359447","3.6769133","5.0293841","5.7888193","5.4235911","5.6506009","5.191195","4.2656612","4.1775036","4.2394886","4.2692542","4.148953","4.1971564","4.7626767","4.4187679","4.6522393","4.7905402",
"Iran, Islamic Republic of","429","Export Diversification Index","total_theil","Value","5.8139262","5.6567354","5.4446445","5.3977156","5.3955188","5.4954305","5.4044828","4.9531903","4.9914923","5.3194842","5.280406","4.9938087","5.1005406","5.0985146","5.1633735","5.071672","5.3461003","5.4310627","5.3353405","4.8989768","5.1299734","4.8038912","4.545599","4.64464",
"Morocco","686","Export Diversification Index","total_theil","Value","3.1282692","3.0944088","3.0813677","3.0853503","3.0826583","3.1344566","3.1668596","3.1375685","3.1165409","3.1221657","3.1292977","3.1098771","3.0963469","3.0346613","2.9849246","2.9788234","2.9559822","3.0267441","2.8967745","2.9060652","2.9250271","2.8831656","2.8739932","2.9162343",
"Moldova","921","Export Diversification Index","total_theil","Value","0","2.6711476","2.8562043","2.3572323","2.4385798","2.7713394","2.9135208","2.836561","2.7219365","2.8246732","2.9112482","2.8628161","2.9190354","3.0164058","3.0592656","2.7949746","2.7346241","2.8478925","2.6548347","2.6425688","2.6778822","2.7255108","2.7067266","2.7364631",
"Madagascar","674","Export Diversification Index","total_theil","Value","3.3875575","3.4924984","3.3878684","3.5137184","3.4331906","3.3449299","3.3410676","3.5145409","3.5572178","3.7877998","3.9696045","3.8934133","4.0386996","3.977613","3.8504987","3.858959","3.9101481","3.8135321","3.7124288","3.4054933","3.6160607","3.5325811","3.4648988","3.5213609",
"Burundi","618","Export Diversification Index","total_theil","Value","5.2764959","5.104238","4.6164851","4.8118839","5.5690722","4.6801677","5.4992418","5.5433545","5.4659114","5.2592864","4.3736095","4.0261798","5.1008854","4.4635925","5.4528461","3.4513924","4.1221805","3.8497088","4.635016","4.7304459","4.7706451","4.5411172","4.1199841","3.4443107",
"Belgium","124","Export Diversification Index","total_theil","Value","0","0","0","0","0","0","0","0","1.5876218","1.6612159","1.6434251","1.6349432","1.6523736","1.6840348","1.6663401","1.6493922","1.6382358","1.6359611","1.6295998","1.8632585","1.9064703","1.955518","2.0515947","2.0196149",
"Benin","638","Export Diversification Index","total_theil","Value","4.7556362","4.4723511","4.5974226","4.7447453","4.8566551","4.8990269","5.2653947","5.0292001","4.6803718","4.3831911","4.9430823","4.205193","4.3366361","4.3633389","3.8319407","3.6366572","3.873517","4.0214653","3.9575546","3.6221027","3.805445","3.8314865","3.8469033","3.5464361",
"Burkina Faso","748","Export Diversification Index","total_theil","Value","5.4911366","5.4855447","5.2897191","4.8674769","4.6314745","4.624228","5.2059174","4.7345743","4.835793","3.5065656","3.3315053","3.0055051","4.46422","4.5459962","5.0879912","5.0474596","4.9236288","4.7826242","4.5101581","4.0189867","4.6745944","4.6120119","4.3818622","3.7675087",
"Tonga","866","Export Diversification Index","total_theil","Value","4.2919669","3.8931239","4.2906933","4.0459991","3.9758463","4.1841669","4.240984","3.7617888","4.0132008","3.8887916","4.1956658","3.8858557","3.6269512","3.7562306","3.7014811","3.6181262","3.595428","3.221482","3.2431362","3.0101795","2.9994655","3.0665262","3.0606186","3.166291",
"Trinidad and Tobago","369","Export Diversification Index","total_theil","Value","3.5179884","3.4897907","3.2216284","3.2524917","3.1165125","3.0373802","3.0445061","2.9603059","3.1650698","3.3130968","3.2638183","3.3413639","3.8075576","4.1110411","4.2368331","4.2704215","4.2759385","4.3584847","4.4342451","4.2404842","4.3754992","4.4388771","4.4825821","4.5800896",
"Tunisia","744","Export Diversification Index","total_theil","Value","3.2449286","3.2148106","3.2181098","3.2429039","3.2619114","3.2219212","3.331439","3.3582134","3.2938569","3.2396102","3.1737633","3.1305854","3.1589551","3.0462666","2.844866","2.7490768","2.7675486","2.728812","2.6249042","2.7284327","2.6686325","2.6861145","2.689199","2.7920995",
"Kuwait","443","Export Diversification Index","total_theil","Value","4.7311668","5.3718796","5.3549299","5.0961294","5.0673461","5.0872226","5.0902433","4.8517747","4.8463988","5.3278627","5.2125344","5.2347589","5.2861485","5.4226918","5.6952677","5.7787681","5.7795038","5.8143425","5.6729093","5.6841297","5.7911296","5.8203545","5.6415038","5.6440325",
"Lao People's Democratic Republic","544","Export Diversification Index","total_theil","Value","4.3665271","4.1310248","4.3535609","4.1706376","3.8415082","3.8083439","3.6310203","3.9847717","3.9499483","4.0324101","3.9425633","4.1318364","3.9663141","3.674969","3.2964902","4.1044559","4.1279488","3.8968852","3.7771354","3.8364258","3.8852246","3.6753247","3.6421022","3.7162216",
"Slovak Republic","936","Export Diversification Index","total_theil","Value","0","0","1.3955249","1.4458921","1.5112258","1.5645534","1.6152689","1.8860343","1.9499853","1.9512917","1.9189095","2.0002289","2.3207896","2.249495","2.0323951","2.0780883","2.2587359","2.2123702","2.2637789","2.4118338","2.3965967","2.4576948","2.4384391","2.4013572",
"Slovenia","961","Export Diversification Index","total_theil","Value","0","1.6605003","1.6982516","1.7577171","1.7345775","1.7740448","1.8027123","1.8365322","1.863022","1.8327694","1.7974913","1.8437452","1.8366138","1.886084","1.8444595","1.8434951","1.9713433","1.9006227","1.9566228","2.0342371","1.9693847","1.9757885","1.9716967","2.0003786",
"Senegal","722","Export Diversification Index","total_theil","Value","3.3781471","3.1479256","3.0307202","3.1143913","3.5511734","3.3019469","3.2202904","3.2927752","3.2514834","3.1899273","3.2535701","3.1662962","3.0027263","2.9829664","3.1464241","2.7260778","2.6131153","2.8707435","2.9324615","3.2709","3.157248","2.9865279","2.973978","2.9858382",
"Serbia and Montenegro","965","Export Diversification Index","total_theil","Value","0","1.6666648","2.0345616","2.0008464","1.910158","1.9421335","1.8512938","2.0626335","1.6320974","1.733351","1.6992812","1.7003905","1.8440399","1.6976981","1.7874316","1.7698417","1.661304","1.6081922","1.637686","1.7505426","1.7376356","1.7243766","1.9778901","1.9561605",
"Norway","142","Export Diversification Index","total_theil","Value","3.082927","3.0880749","3.0806479","3.0785043","3.0348406","3.2610595","3.2929318","2.8605599","3.0753562","3.7117176","3.5312841","3.5321052","3.558609","3.6762774","3.8569176","3.8096163","3.5557842","3.671412","3.4459779","3.7261517","3.8805571","3.8751743","3.7595756","3.7638233",
"Nepal","558","Export Diversification Index","total_theil","Value","4.0565076","4.0145249","4.0675721","4.0274496","3.7822883","3.4222293","3.1622615","3.1731429","3.0746238","3.0808208","2.9469278","2.6760755","2.5991495","2.5474157","2.4050429","2.3543825","2.3190491","2.316572","2.3832228","2.3637216","2.3645227","2.3976195","2.4019709","2.4681425",
"New Zealand","196","Export Diversification Index","total_theil","Value","2.2184715","2.2069314","2.1681569","2.0933614","2.0985031","2.1206501","2.145185","2.1411564","2.0868628","2.0784724","2.1638639","2.1417584","2.1030462","2.0965989","2.1048241","2.1125543","2.1520538","2.2492859","2.2236445","2.216835","2.3105752","2.3295898","2.3895488","2.4960034",
"Oman","449","Export Diversification Index","total_theil","Value","5.7633867","5.566885","5.4070792","4.7343931","4.8058429","4.9415097","4.9285545","4.4250216","5.3624091","5.6380959","5.3935118","4.7173576","5.1156631","4.9990759","5.3346434","4.9985986","5.014586","4.8988161","4.3773637","4.5664482","4.4583631","4.9464903","4.9254975","4.3669319",
"Pakistan","564","Export Diversification Index","total_theil","Value","3.3064229","3.2473414","3.2352355","3.3367007","3.2944183","3.2750127","3.2918591","3.2129705","3.2220919","3.2143302","3.1497841","3.1196027","3.132226","3.0998683","3.0615757","3.1081314","3.0934329","3.0760548","3.0254672","3.0640464","2.9720385","2.990294","2.9821584","3.0795617",
"Kenya","664","Export Diversification Index","total_theil","Value","2.968601","2.895335","2.7985663","2.6739426","2.7912061","2.7324584","2.7594142","2.8429596","2.7923403","2.9152205","2.8656933","2.8651204","2.7631896","2.7123737","2.5913","2.5641963","2.5289743","2.4968877","2.5450768","2.7962761","2.8508008","2.8087614","2.7126584","2.745928",
"South Sudan","733","Export Diversification Index","total_theil","Value","0","0","0","0","0","0","0","0","0","0","0","0","0","0","0","0","0","0","0","0","0","5.1179953","5.1229587","5.1329947",
"Sao Tome and Principe","716","Export Diversification Index","total_theil","Value","5.1468458","4.3702154","4.4412704","4.1714373","3.9256103","4.3203549","3.893925","3.912416","3.5729082","3.8644364","3.5392542","3.4944172","3.9547851","3.2312858","3.648689","3.8898187","3.4485745","4.1406274","3.6440339","4.0034814","4.0324287","4.2342124","4.7574697","4.8193593",
"Suriname","366","Export Diversification Index","total_theil","Value","5.0747428","4.8262138","4.6324234","4.439549","4.5830069","4.3446345","4.374887","4.5629487","4.4437351","4.6364379","4.9076128","4.7837358","4.8181143","5.0544043","5.1374335","5.0098433","5.0174804","5.0223002","4.3640013","4.336329","4.4235368","3.8481069","3.8186948","3.6906705",
"Malawi","676","Export Diversification Index","total_theil","Value","5.0578585","5.226429","5.0423746","4.8240485","4.7982593","4.4754896","4.9299893","4.6970844","4.8205514","4.8684959","4.9141221","4.9620371","4.7082758","4.5087576","4.6789222","4.6817846","4.3737464","4.4315677","4.8175879","4.800972","4.5029445","4.7150288","4.7095633","4.878686",
"Malaysia","548","Export Diversification Index","total_theil","Value","2.5262301","2.4874053","2.4623325","2.515095","2.6058583","2.6227787","2.7009101","2.7322702","2.8160911","2.9869766","2.9367962","2.9656291","3.0110784","2.9606879","2.9622698","2.9269488","2.7269423","2.664207","2.683687","2.7557151","2.7059798","2.6817906","2.729727","2.6878457",
"Namibia","728","Export Diversification Index","total_theil","Value","0","0","0","0","0","0","0","0","0","3.8322439","4.1602359","3.5092463","3.2592134","3.5819564","3.7994671","4.0010967","3.4373465","3.2118013","3.9802363","3.3565247","3.5259256","3.4709697","3.223268","3.3743727",
"Costa Rica","238","Export Diversification Index","total_theil","Value","3.1764963","3.0921593","2.9821064","3.0655231","3.0024374","2.8998826","2.7817552","2.744945","3.1221418","2.968642","2.7529829","2.9416668","3.4644318","3.5186248","3.3580298","3.466203","3.3666394","3.3546495","3.780304","4.1630197","4.1287036","4.3487382","4.3111205","4.0657196",
"Georgia","915","Export Diversification Index","total_theil","Value","0","3.5989671","3.2818239","3.3467228","3.3924704","2.300559","2.468107","2.4646804","2.527518","2.702884","2.7789891","2.7324176","2.9256456","3.0976043","2.8692501","3.1043382","2.8417306","3.0624866","2.8797772","3.2827988","3.1553485","3.1080363","3.0356369","2.9986584",
"Turkmenistan","925","Export Diversification Index","total_theil","Value","0","4.9178734","5.4214859","5.5497599","4.7287126","5.4311996","5.1311688","3.3271465","4.2270722","4.8286047","5.4213943","5.3428087","5.4113083","5.33428","5.365397","5.3354392","5.5238614","5.2996936","4.2539735","4.2355452","5.4055796","5.6303644","5.5695567","5.4296489",
"Dominica","321","Export Diversification Index","total_theil","Value","4.4167967","4.0631561","3.9979093","3.8845909","3.5433025","3.4561265","3.150924","3.2701757","3.0776718","2.960634","2.7805231","3.1643362","3.0730822","2.8372278","2.913244","2.8565674","2.7911158","2.962769","3.3616674","2.9938986","2.983124","2.8720605","2.8300645","2.8528094",
"St. Kitts and Nevis","361","Export Diversification Index","total_theil","Value","4.0502262","4.2082357","4.2287235","4.395493","4.4241395","4.5240574","4.480062","4.4021635","4.4387417","4.2389975","4.2166252","4.2352118","4.4278269","4.3723898","4.6292238","4.5530005","4.2466316","4.2844687","4.0778866","4.1466975","4.113935","4.2625489","4.137661","4.3541641",
"Korea, Republic of","542","Export Diversification Index","total_theil","Value","1.9434048","1.8976763","1.9041818","2.0054398","2.1539812","2.0887804","2.0798426","2.0692694","2.2001133","2.3158417","2.1826034","2.3511698","2.3834736","2.4616079","2.4936855","2.5355825","2.4442","2.3626955","2.3734162","2.511157","2.4348407","2.4393721","2.453593","2.4187276",
"India","534","Export Diversification Index","total_theil","Value","2.1615064","2.1612992","2.1540949","2.0839124","2.0332689","1.9481132","1.9175277","1.9804918","2.0122418","1.9969008","1.8823264","1.9351944","1.910502","1.9104033","1.9907703","1.8282186","1.8134743","1.8180566","1.9420718","2.1783662","2.3289332","2.152832","2.266109","2.1553607",
"Ireland","178","Export Diversification Index","total_theil","Value","1.9953161","2.0796041","2.0801022","2.2485769","2.3991082","2.3966179","2.5094359","2.8303945","3.0233994","3.1042402","3.2480512","3.2733226","3.1993144","3.179579","3.2027974","3.1397054","3.1491027","3.1694088","3.3253393","3.2079799","3.1008046","3.0629263","2.9565244","2.9386091",
"Cameroon","622","Export Diversification Index","total_theil","Value","4.3453488","4.3761477","4.2484398","4.091691","3.780036","3.8252888","3.9020298","3.9438813","3.9869542","4.2455125","4.1636152","4.0216928","4.0934196","4.2826715","4.2201357","4.5509219","4.2334571","4.3642254","4.0308094","4.1173038","4.1535034","4.1564679","4.4535995","4.5264754",
"Congo, Republic of","634","Export Diversification Index","total_theil","Value","5.2513123","5.2824402","5.1632166","5.0709996","5.1778111","5.3275204","5.3566442","5.169807","5.356616","5.7132545","5.7177477","5.6543183","5.5823612","5.6675081","5.7944779","5.9300046","5.6525064","5.7226286","5.8244991","5.341372","5.4420524","5.5867143","5.2211032","5.1793175",
"Equatorial Guinea","642","Export Diversification Index","total_theil","Value","5.149929","5.1145005","5.3420596","5.349493","4.4630017","4.6658912","5.0747347","5.2851553","5.3883891","5.7716379","5.8510308","5.9831009","5.960299","6.1019511","6.0926347","6.0632415","5.8431544","5.7874174","5.7401567","5.733623","5.6914077","5.7221794","5.6416435","5.6524262",
"China, P.R.: Hong Kong","532","Export Diversification Index","total_theil","Value","2.3521402","2.1277452","2.2276871","2.2509964","2.2988751","2.3306437","2.4012289","2.453265","2.4639752","2.4810355","2.4210258","2.4855249","2.4409699","2.4483068","2.4256253","2.4115469","2.3290567","2.3137677","2.2935076","3.3306348","3.3915465","3.5939822","3.6428869","3.5549688",
"Honduras","268","Export Diversification Index","total_theil","Value","3.4984601","3.3621728","3.3459072","3.2853179","3.4696343","3.5038748","3.5273585","3.5940869","3.7121155","3.7733305","3.7811506","3.7741456","3.7788014","3.7291725","3.6236753","3.5368981","3.3892384","3.3603985","3.3665686","3.3660052","3.3977199","3.332972","3.1926169","3.132467",
"Lebanon","446","Export Diversification Index","total_theil","Value","2.4024515","2.200387","2.4520726","2.3956282","2.1401701","2.4547884","2.4076481","2.2785993","2.4279404","2.4200509","2.3689339","2.0754452","2.1196666","2.1506357","2.1182797","2.0320125","2.169131","2.2419109","2.1669731","2.145309","2.315073","2.2980981","2.2306457","2.0738358",
"Liberia","668","Export Diversification Index","total_theil","Value","4.6430826","4.6966329","4.9315629","5.4492269","5.6941519","5.4475169","4.8124619","5.3745842","4.8469324","4.9735274","5.0157108","5.1829686","5.3022308","5.5645204","5.5791836","4.8094172","5.3974028","4.7162929","4.8726735","4.6482153","4.4548788","4.2681665","4.7200294","4.8332348",
"Libya","672","Export Diversification Index","total_theil","Value","5.7143364","5.6457109","5.6497636","5.6019702","5.3938813","5.7362151","5.5535483","5.4708266","5.4317689","5.9728065","5.9530296","6.0168648","6.0313311","6.0744328","6.1340485","6.1339359","6.1209297","6.1105843","5.8782387","5.9426608","6.0050216","6.1733108","6.081429","5.8011961",
"Iraq","433","Export Diversification Index","total_theil","Value","5.145751","5.5604882","5.611701","6.2027879","6.1741452","5.0705738","6.3399701","6.3693333","6.3423676","6.4012485","6.3829308","6.3225875","6.2250781","6.2329688","6.2857184","6.3281765","6.3347759","6.3555322","6.3728523","6.416954","6.4151182","6.4160419","6.4054041","6.4023862",
"Iceland","176","Export Diversification Index","total_theil","Value","4.4319696","4.3482428","4.2906885","4.1924963","4.0784273","3.9410317","3.9370327","3.9523005","3.9828639","3.9209144","3.8072243","3.7503932","3.7260017","3.7880208","3.9236071","3.9306533","4.0018492","3.836683","3.8427663","4.0614381","4.0104089","4.0049624","3.9107232","4.0704408",
"Korea, Democratic People's Rep. of","954","Export Diversification Index","total_theil","Value","2.1653917","2.3755109","2.2741368","2.3709726","2.2961857","2.0637498","2.0886817","2.1351907","2.0514281","2.1235013","2.1197891","2.3160527","2.4562163","2.3082111","1.905352","2.0795345","2.1070316","2.1459405","2.1907465","2.4165254","3.0703607","3.2833455","3.4649811","3.3105395",
"Portugal","182","Export Diversification Index","total_theil","Value","2.2241144","2.234004","2.0238872","2.1460001","2.0865474","2.1496861","2.1233149","2.1180172","2.1009359","2.0882638","2.0620599","2.0372415","2.0160854","1.8830492","1.8103315","1.784112","1.6527547","1.5983906","1.628418","1.7777495","1.7846721","1.7903538","1.8147434","1.7920697",
"Canada","156","Export Diversification Index","total_theil","Value","1.9767795","1.9649137","2.0097213","2.0135715","1.9549472","1.9054667","1.8937439","1.8942481","1.9952099","2.0434673","2.0355642","2.0353","2.0622008","2.032423","2.0580397","2.0341501","2.0162055","2.0963814","1.9769506","2.169204","2.2167716","2.2808771","2.2709212","2.3155727",
"Switzerland","146","Export Diversification Index","total_theil","Value","1.7008588","1.7011377","1.7381364","1.7686207","1.7663471","1.8439808","1.8453357","1.8490436","1.8894771","1.8935102","1.8878247","1.9128131","1.9172252","1.9315958","1.9785175","2.0171082","2.0122473","2.0380263","2.1705363","2.1878545","2.1996427","2.3422799","2.4547532","2.4002521",
"Chile","228","Export Diversification Index","total_theil","Value","3.2800317","3.0911534","2.9956434","2.9311225","3.1589513","3.000267","3.1099477","2.991292","2.9757168","3.1505082","3.0111761","3.0510519","3.0950649","3.3573709","3.3424194","3.7290726","3.7342439","3.5348876","3.4344335","3.7285028","3.6611662","3.6264966","3.6035428","3.5059052",
"China, P.R.: Mainland","924","Export Diversification Index","total_theil","Value","1.9805737","2.0536022","2.0912786","2.0173595","1.9492984","1.9944654","1.9877515","2.0195618","2.0300333","2.0154033","2.0144229","2.0331006","2.064152","2.0689375","2.072325","2.054028","1.9005246","1.8558888","1.9815483","2.0401247","1.9909364","2.0168903","2.0342629","2.005831",
"Marshall Islands, Republic of","867","Export Diversification Index","total_theil","Value","0","0","0","0","0","0","0","0","0","0","0","0","0","0","0","0","0","0","0","5.7203064","5.7049513","5.2835112","5.0858436","5.4535508",
"Brunei Darussalam","516","Export Diversification Index","total_theil","Value","0","0","0","0","0","0","0","0","0","0","0","0","0","0","0","0","0","0","0","5.5632701","5.5282516","5.5154305","5.5716825","5.3838382",
"Bhutan","514","Export Diversification Index","total_theil","Value","0","0","0","0","0","0","0","0","0","0","0","0","0","0","0","0","0","0","0","4.4001017","4.1895676","4.091104","5.0561676","4.8219128",
"Botswana","616","Export Diversification Index","total_theil","Value","0","0","0","0","0","0","0","0","0","4.7068796","5.5020843","5.5912189","5.6303701","5.7083378","5.7753534","5.4203248","4.9497323","4.690239","3.8562059","4.6656251","5.8831334","5.6925545","5.9482756","5.8221307",
"Central African Republic","626","Export Diversification Index","total_theil","Value","4.8275313","5.2210455","5.1044888","4.7421837","4.8034225","4.758719","4.7407184","5.0131888","5.0835967","5.198678","4.9074216","5.114635","4.739924","4.8510532","4.5580635","4.4647236","4.3587379","4.3131399","4.6379862","4.4322481","4.784852","4.7679605","4.6688547","4.8121753",
"Thailand","578","Export Diversification Index","total_theil","Value","2.06533","2.0488107","2.0140285","2.0567734","2.0793686","2.0773668","2.067698","2.0688558","2.0411193","2.0597732","2.0040996","1.9854366","1.9938571","2.0211143","2.055357","2.0542347","1.9908769","1.9997851","2.010571","2.0893896","1.9718831","2.0303612","2.0060999","1.9635195",
"Sweden","144","Export Diversification Index","total_theil","Value","1.7320514","1.7424949","1.7566938","1.7971467","1.8237238","1.8378129","1.8663862","1.9401064","2.0299439","2.0787396","1.8847022","1.8392305","1.8744148","1.8865048","1.8727138","1.8646089","1.7801808","1.7227829","1.6764981","2.0533741","2.0213375","2.0392547","1.9976498","1.9914459",
"Swaziland","734","Export Diversification Index","total_theil","Value","0","0","0","0","0","0","0","0","0","3.2687929","3.7626786","3.133914","3.359987","3.2357748","3.0917344","2.9681115","2.8285024","2.7480032","2.9385951","2.8141348","2.7520199","3.0198145","3.1717103","3.1785815",
"Seychelles","718","Export Diversification Index","total_theil","Value","5.0220704","5.1709962","4.26017","5.0434813","4.3202834","4.3998432","4.5505481","4.7949829","5.0116515","5.091764","4.923173","4.9673934","4.9676032","4.5697622","4.4721131","4.6950212","4.6373839","4.616581","4.8250513","4.8595982","5.1201448","4.8371482","5.0562754","5.0400958",
"United Arab Emirates","466","Export Diversification Index","total_theil","Value","4.9810214","4.8259673","4.529727","4.4847383","4.2395182","4.3553281","4.1752653","3.6992605","3.6097951","4.0184641","3.758878","3.5543263","3.7646308","3.6393216","3.6789093","4.3772011","3.8549123","4.1610575","4.050509","3.4924321","3.6957402","3.8031967","3.8424044","3.858079",
"Argentina","213","Export Diversification Index","total_theil","Value","2.1054313","2.2077587","2.1497083","2.1575632","2.0342562","2.1756179","2.2263694","2.1615815","2.1152277","2.2581046","2.2884486","2.2989578","2.3956997","2.3431988","2.2805912","2.2240136","2.3673687","2.4603512","2.3446772","2.4920745","2.4715674","2.509167","2.5459228","2.6033194",
"Sri Lanka","524","Export Diversification Index","total_theil","Value","3.3513377","3.3889153","3.4285786","3.2893813","3.2386067","3.2369249","3.2507186","3.301182","3.3125849","3.3189394","3.3841257","3.3802528","3.2995315","3.2397559","3.1317179","3.1039884","3.1456063","3.1160336","3.2529171","3.2425807","3.1683419","3.1692331","3.24435","3.2205775",
"Venezuela, Republica Bolivariana de","299","Export Diversification Index","total_theil","Value","4.2288961","4.2715921","3.9304852","3.7321084","3.8980753","4.0560479","3.9954569","3.7500606","4.0314064","4.749239","4.5665541","4.597455","4.6256475","4.7481122","4.9315448","5.118475","5.168891","5.4596357","5.5906096","5.5601807","5.5750537","5.681313","5.8683786","5.9491687",
"Virgin Islands, British","371","Export Diversification Index","total_theil","Value","4.7506456","2.9205194","3.3269663","3.6029508","3.4635112","3.6896098","3.5015585","3.5400708","3.8292723","3.4405384","3.2160413","3.1584747","3.7684479","3.8036244","3.6586835","3.2394953","3.1859045","3.4138644","3.3691449","3.8838403","3.8259203","5.3968735","4.1150556","3.7178886",
"Bangladesh","513","Export Diversification Index","total_theil","Value","4.1200585","4.1428642","4.1817484","4.2253881","4.2468886","4.2315159","4.3678856","4.4504237","4.5068464","4.5367198","4.5618601","4.5729461","4.6201849","4.6322732","4.6421151","4.6803441","4.6558933","4.7234402","4.8244038","4.7623401","4.8026147","4.8944931","4.9444904","4.9510236",
"Tajikistan","923","Export Diversification Index","total_theil","Value","0","5.1102433","4.6548271","4.9684196","4.4257669","3.8949842","3.6654973","3.6548958","3.8649728","4.0073237","4.1125188","4.2346134","4.4542508","4.3064127","4.5502949","4.7242007","4.7437696","4.1958346","4.2490988","4.2875533","4.1848493","4.6448126","4.3443847","3.8113427",
"Spain","184","Export Diversification Index","total_theil","Value","1.6966729","1.7017657","1.6257025","1.6928967","1.7113584","1.6759028","1.6388351","1.6423111","1.6711376","1.6886578","1.6459306","1.6747769","1.708892","1.7409965","1.7026876","1.6760293","1.6985859","1.6455699","1.6885149","1.7415085","1.7269963","1.7296597","1.7425836","1.7434562",
"Estonia","939","Export Diversification Index","total_theil","Value","0","2.6860256","2.3067944","2.015631","1.8003327","1.9123311","1.9915252","1.9759851","2.0866725","2.6984401","2.2868009","2.1460738","2.1496713","1.9959279","2.0748756","1.9639137","1.7171658","1.7048382","1.7070009","2.3752131","2.5355515","2.5432794","2.3116386","2.4219024",
"Bermuda","319","Export Diversification Index","total_theil","Value","5.6805229","5.5241232","4.1191974","4.0851297","4.4670014","5.0305691","4.9494171","4.3318849","3.8679466","4.12221","4.4411373","3.8577478","5.4227452","4.5984092","5.4097729","4.8644333","4.5190978","5.6624537","4.608573","5.868546","5.4868417","4.4343648","5.0832925","4.060688",
"Bolivia","218","Export Diversification Index","total_theil","Value","3.4965119","3.2426472","3.0589178","3.0069265","2.9920511","2.9954717","2.9310956","2.8056867","2.8839304","2.9265985","3.1259341","3.3584046","3.4590406","3.4766321","3.6042159","3.782882","3.7937133","3.8784335","3.6003633","3.5970402","3.7839425","3.9271159","4.0177708","4.1444364",
"Cuba","928","Export Diversification Index","total_theil","Value","4.0497293","4.395329","4.0667472","4.1296611","4.1906891","4.6046104","4.5733528","4.2658162","3.7591996","3.9146595","4.0402813","3.9220054","3.593745","3.9505517","4.2641077","4.2986231","4.3718567","4.1337786","3.8317001","3.8308926","3.6021075","3.6099389","3.440583","3.6765664",
"Cayman Islands","377","Export Diversification Index","total_theil","Value","4.3078671","4.564147","4.1386752","4.3473339","3.3111238","4.3959599","4.228725","4.804852","5.3807783","5.5991464","5.2306137","5.448781","6.0055046","5.7456217","5.9059258","6.1879926","4.8220868","5.356781","4.9612164","6.0910439","6.1832638","5.5651236","5.3370504","5.8166537",
"Cyprus","423","Export Diversification Index","total_theil","Value","2.7145245","2.39622","2.4651024","2.3398476","2.6361606","2.6243098","1.939796","2.0478396","2.2184925","2.169966","2.1283569","2.34762","2.4481304","2.1166124","2.0348971","3.270442","2.1114738","2.0233459","1.9291432","2.1104028","2.0866234","2.0549848","2.1527445","2.1586485",
"Maldives","556","Export Diversification Index","total_theil","Value","4.5052562","4.405797","4.3813925","4.4121366","4.4675174","4.5787139","4.5458164","4.5732031","4.5567317","4.7656655","4.6493506","4.6994009","4.6364207","4.7221026","4.7585025","5.2310829","5.2096763","5.3679137","5.2617798","4.8797565","5.3515663","5.5059943","5.6100488","5.5400791",
"Mexico","273","Export Diversification Index","total_theil","Value","2.3515799","2.3245835","2.2835596","2.2605457","2.1630781","2.2422185","2.2769747","2.2473583","2.3095508","2.5032597","2.5045633","2.4828115","2.4729354","2.4326339","2.4210351","2.5185332","2.5013433","2.5077281","2.3910272","2.5002606","2.4948735","2.5115018","2.4703443","2.4309402",
"Panama","283","Export Diversification Index","total_theil","Value","3.1258175","2.9471221","2.764725","3.2259207","3.1922085","3.4151137","3.2078359","2.6451073","2.5574579","2.5278256","2.6809025","2.8130391","2.9086633","2.7630296","2.8289371","2.8967454","2.5539348","2.8099473","2.8831315","2.8844063","2.3912439","2.344296","2.7466521","2.6541879",
"Syrian Arab Republic","463","Export Diversification Index","total_theil","Value","4.7961011","4.3585653","4.9521561","4.7169766","4.0608921","4.6383924","4.3995628","4.0212455","4.2773046","4.7286563","4.7670031","4.604166","4.3995547","3.8376479","3.9215353","3.7024193","3.6311677","3.4786997","3.7864261","3.7957354","4.299324","2.0231307","2.2007658","2.2883656",
"North Macedonia, Republic of","962","Export Diversification Index","total_theil","Value","0","0","2.5506947","2.4932258","2.3623393","2.294795","2.3093715","2.5569746","2.7450595","2.773551","2.8648329","2.7575622","2.6444011","2.8261094","2.8776405","2.8026235","2.970438","2.7884679","2.7310853","2.8804274","2.9874399","2.9831874","3.0257497","3.1171408",
"Mali","678","Export Diversification Index","total_theil","Value","5.1948771","4.8566155","5.1111236","4.7102695","5.1770897","5.416996","5.2559223","5.3564634","5.2867689","4.5696244","3.7896719","4.2593865","4.9689708","5.5691299","5.0091801","4.2977004","4.7384567","4.4183526","3.7839873","4.0443749","3.9803441","4.2776127","4.3035679","4.1580229",
"Malta","181","Export Diversification Index","total_theil","Value","3.5835788","3.8510876","3.4565191","3.866214","3.9660435","3.5511749","3.5205226","3.8059556","3.8597298","4.1288924","3.9191206","4.1128159","4.0544777","4.2053571","3.9203918","3.9584904","3.8867013","3.9940965","3.8654296","3.9482076","4.1806021","4.1083713","3.9928584","3.9277291",
"Myanmar","518","Export Diversification Index","total_theil","Value","3.8804967","3.7701094","3.9139283","3.7127492","3.7520232","3.6614566","3.678782","3.5912271","3.6039312","3.7218215","3.7609541","3.7488985","3.7756717","3.8831031","3.9476075","4.1062474","4.0899949","4.2261648","4.0564904","3.9686387","3.9391837","3.9845817","3.9052639","4.530314",
"Mongolia","948","Export Diversification Index","total_theil","Value","3.290771","3.3591249","2.9465985","3.3975573","3.8560402","3.9657211","4.0931091","3.8849549","4.0160184","4.1589732","4.2222209","4.2229242","4.2129416","4.2745104","4.1460409","4.5689344","4.4881778","4.3049731","4.2980571","4.4209003","4.4869642","4.5061288","4.416532","4.6686707",
"Mozambique","688","Export Diversification Index","total_theil","Value","2.8094928","3.127367","3.6146946","3.5470276","3.662761","3.7772613","3.524591","3.795346","3.3810945","3.2155738","4.5445633","4.5716891","4.5548043","4.9321728","4.7134271","4.8907685","4.5681033","3.933229","3.9657454","4.7936974","4.4105802","4.1336708","3.9882224","3.9344122",
"French Territories: New Caledonia","839","Export Diversification Index","total_theil","Value","5.3535199","5.2193022","5.0544","5.1257954","5.1557803","5.2853889","5.1652079","4.7962403","4.7042012","5.2461658","5.1495333","4.6587558","4.879209","5.0860338","5.2521663","5.230639","5.4626245","5.1745939","5.0111499","5.4165521","5.5996933","5.3658562","5.072504","5.2894349",
"Brazil","223","Export Diversification Index","total_theil","Value","1.8702997","1.8216201","1.8027251","1.8330836","1.8555015","1.8418494","1.9119108","1.8941972","1.8590934","1.8819318","1.9144863","1.9180897","1.9093754","1.9024656","1.9380722","1.9919741","2.0398476","2.248229","2.290113","2.5023816","2.6026452","2.5704279","2.5355728","2.5630639",
"Barbados","316","Export Diversification Index","total_theil","Value","2.6106467","2.4537289","2.4128923","2.4087014","2.3102129","2.4830925","2.4003246","2.1857386","2.3586955","2.6980035","2.3294001","2.6409597","2.4613028","2.488044","2.3996358","2.192189","2.120558","1.9435099","2.5093508","2.5285041","2.423265","2.3590207","2.9777415","3.1914394",
"Peru","293","Export Diversification Index","total_theil","Value","3.1638548","3.1822867","3.1586199","3.1132274","3.0526233","3.0172329","3.0159869","2.7442906","2.8093228","2.9303279","2.8321261","2.8607378","2.805171","2.884696","2.898428","3.0994298","3.1596847","2.9769547","2.9380949","3.1339459","3.0607512","2.9895658","3.019546","2.8697693",
"Denmark","128","Export Diversification Index","total_theil","Value","1.5328749","1.546687","1.6179909","1.6364698","1.597088","1.6182986","1.5386348","1.5165939","1.5947021","1.711008","1.6940683","1.7205665","1.7210284","1.6978639","1.7478462","1.7614079","1.7209784","1.7599773","1.8102304","2.0350962","2.0142987","2.0894053","2.060292","2.0416725",
"Dominican Republic","243","Export Diversification Index","total_theil","Value","3.2243302","3.2677095","3.2808042","3.2385268","3.1820836","3.1839745","3.3094842","3.3782604","3.4127843","3.3920183","3.2420595","3.0976958","3.0152814","2.952529","2.7699511","2.6911404","2.6827791","2.4917483","2.4853265","2.5075917","2.4405477","2.4138558","2.4640849","2.4195852",
"Algeria","612","Export Diversification Index","total_theil","Value","4.6944613","4.6165252","4.6677046","4.6685171","4.6355147","4.7267656","4.6480212","4.661592","4.8288431","5.3732781","5.3548236","5.4294057","5.4618087","5.5859799","5.5482903","5.5745659","5.5921812","5.5455232","5.4019842","5.2706947","5.3563361","5.3882108","5.4234924","5.3075995",
"Ecuador","248","Export Diversification Index","total_theil","Value","4.4754205","4.4169874","4.1282697","4.0274711","4.0023322","3.838213","3.9129705","3.7768044","3.7509067","3.9661291","3.8614802","3.9455605","3.981122","4.3705349","4.2433391","4.2805133","4.1311603","4.3858995","4.0016761","3.9817336","4.0738993","4.0877237","4.2288809","4.2979889",
"St. Lucia","362","Export Diversification Index","total_theil","Value","4.7954316","4.807786","4.6917787","4.5438976","4.4229879","4.7573276","4.2694879","4.4813128","4.3792458","4.396862","3.9282422","4.2334681","4.0082459","4.0861506","3.9297366","3.8896804","3.5298109","3.9226334","4.9333763","4.1977806","5.1585083","3.8822496","3.974472","3.9306979",
"Greece","174","Export Diversification Index","total_theil","Value","2.2472777","2.2730653","1.9514824","2.0234942","2.0081503","2.0601504","1.9548161","1.9444262","2.0211349","1.9497083","1.9292372","1.9236777","1.9037427","1.8623822","1.8331537","1.8438528","1.7679571","1.7259635","1.773629","2.4905143","2.6369233","2.9862945","3.0373704","3.017451",
"Grenada","328","Export Diversification Index","total_theil","Value","3.4826071","3.6584084","3.5753701","3.4845934","3.3643668","3.4223762","3.538517","4.8298831","3.9392393","3.8610525","3.7339098","3.5848553","3.4690766","3.8925776","4.0511818","3.5548191","3.9652534","3.6578889","3.7769485","3.8491526","3.9995587","4.1249046","4.3281412","3.9279163",
"Greenland","326","Export Diversification Index","total_theil","Value","5.1857266","5.2333517","5.1089993","5.3039622","5.1867795","5.2169204","5.0593576","5.0585732","5.1141686","5.00384","5.0071521","5.1081681","5.0833178","4.9410887","4.9542756","4.83675","4.8285346","4.8372669","4.9561291","4.8160892","4.8397913","5.0757971","5.0147724","5.0916967",
"Guatemala","258","Export Diversification Index","total_theil","Value","2.8935785","3.0199106","2.8262851","2.9060464","3.0376067","2.9135606","3.0210173","2.9350908","2.8415534","2.8100924","2.8301787","2.7936859","2.823189","2.7917435","2.6635146","2.5881803","2.3997896","2.3370466","2.3818295","2.3814859","2.4198086","2.3926213","2.3190258","2.3485472",
"Paraguay","288","Export Diversification Index","total_theil","Value","3.8562267","3.5886781","3.5233719","3.2545483","3.4223542","3.4789524","3.6221709","3.6216502","3.5189564","3.4891496","3.6162872","3.5992568","3.8198617","3.6606188","3.5895047","3.2870741","3.5974736","3.70432","3.4416106","3.9771507","3.9976888","3.6615584","3.8310304","3.757314",
"French Territories: French Polynesia","887","Export Diversification Index","total_theil","Value","4.6385694","4.9041309","5.1219273","5.4842954","5.1391644","5.2895021","4.8376417","5.0534496","5.2431822","5.3094969","4.7502365","4.8217597","4.7239308","4.8601732","4.8839211","4.910028","5.0016122","4.7901912","4.5083961","4.5251927","4.3624334","4.3088722","4.286839","4.296948",
"Qatar","453","Export Diversification Index","total_theil","Value","4.9203839","4.9087272","4.7221203","4.7360868","4.7023678","4.8485308","5.0078063","4.6702604","4.7048488","4.8542891","4.6965914","4.5421667","4.5471168","4.4659381","4.7613001","4.7110872","4.742599","4.8462858","4.6495686","4.6186457","4.6756458","4.8462634","4.6726556","4.6760483",
